1wAMI4oqXz,OKF
QUwcld3cst,OKF
EaYYTFrU7r,OKF
69v9fU0n7u,OKF
s7YKODNDx1,OKF
ZDtwngtnw6,OKF
I8yObcZmeh,OKF
hrSYPkIJdI,OKF
DIf3xUxTar,OKF
62IC5jhgpV,OKF
U4544VPaIZ,OKF
sYvwoGPFsQ,OKF
NzlZIzbfcq,OKF
58uo8CfpPx,OKF
3YwemiSWPo,OKF
yti5QTOdRI,OKF
efra5qblwJ,OKF
tW3euC6rc5,OKF
tLEtVegLqC,OKF
b9a1YxJD3a,OKF
47AXZr4tcO,OKF
2xu3fHgX2T,OKF
b0wsZSLIVm,OKF
aOGG2jSk9U,OKF
ZP1ZdJI1V1,OKF
3uUGqTzgfB,OKF
f6o4Ccewo7,OKF
wQly5aRGIw,OKF
AK4ZpNzWCl,OKF
tG9CtWAY0N,OKF
cwbjLepQbK,OKF
HftbLMQBqL,OKF
WYcIntlyqQ,OKF
qcST4jpqnU,OKF
r60YFvWFt7,OKF
AXBEvyh440,OKF
rT155rwk6n,OKF
fk6o6Unok5,OKF
6VErTmpp8H,OKF
cLMTnzb9rn,OKF
Sg7WpKuUHs,OKF
dNCBz6cCko,OKF
lswPkUBLE3,OKF
K3NisoRvIN,OKF
PJKVwtAxrN,OKF
aJOKdrJHNp,OKF
9nx0mx5LZy,OKF
YZkIDzQq8g,OKF
Bjj08x3wQn,OKF
rqaX6ghiRN,OKF
KXUzejtgPf,OKF
Th6PwrOwOc,OKF
1xjmMfSMwr,OKF
lwtEZICyNW,OKF
4GY1wxsn7q,OKF
Cgtlk9sCXX,OKF
DRtmsb3zP2,OKF
Ms3RQKIQMK,OKF
SNyTwsJULv,OKF
kVdwPb2jS0,OKF
lr2w5Vh5eo,OKF
bWeRomUdfU,OKF
jGDR3j6Q8l,OKF
YbEtR3wPz4,OKF
LYJCJOOmVX,OKF
IkhojKaN3x,OKF
TqY0VNttbq,OKF
wFqxm7Jc0b,OKF
BAH61BHnls,OKF
XBbnUBnGyN,OKF
hkK2rd0Bxw,OKF
YLaGlirYjF,OKF
cagYCMkVkV,OKF
rK49Gy45GG,OKF
mPfIKdz3Fx,OKF
hFs1jc32f0,OKF
keI2fvTXey,OKF
5ZCpHccJNe,OKF
DPOVZuatDv,OKF
XJTXLnIpvB,OKF
r2CYdgQjuI,OKF
3mfmruHNwu,OKF
dMslZJodbf,OKF
1QE1KXVbEw,OKF
gKAGn9kwF2,OKF
oeZAVEDOMt,OKF
KBZEnnCJtl,TH
lmbdntNOCM,TH
zC84zX6bL9,TH
eNFN9RFSBd,TH
SlOigzu3cn,TH
tzv1iLT1gM,TH
o2VCS4Pp27,TH
5cxaVMPWcV,TH
0hvEwWpqOE,TH
JN4Knj8w3D,TH
UYwjdHWHND,TH
m3u3UqO5aF,TH
lx4TLNus6h,TH
wyNfo7WpM1,TH
lbXLgiC0Af,TH
Lg3v7NbV4p,TH
w3wEGRAgkO,TH
69pdthJMU3,TH
kNTwViaZXF,TH
X8CL9apKSG,TH
EOMxroG2Nf,TH
2Jjcfb068j,TH
hTimCDhYqR,TH
Uo3ZW8TnDT,TH
aAx6RtTpht,TH
nxbJomH48v,TH
OzUjtp9lum,TH
6iUhNFRFMi,TH
gBlMNdplY2,TH
VVfp7WS4hO,TH
1uXrdcLSsM,TH
UdLs3UZbbM,TH
XFfdNFlxRS,TH
5HVxs8GjEr,TH
3QJPdjjSO5,TH
g5tjHHhFvE,TH
l5A1NmtIEa,TH
xtZRVlpfxe,TH
M8ixgUvYcj,SD
H4wm5ZbjxX,SD
ktp9DhYS07,SD
6FJO7LrNNe,SD
06PuZp2x4f,SD
Immz6Png83,SD
8cVZ5cX3MV,SD
mgx5dq3SQ8,SD
hkqezUmNlD,SD
F6RpoTEcNa,SD
jZ9DSPc3kp,SD
UrN3v68USQ,SD
3na7K4Mglz,SD
bxODqbfOU7,SD
FWUBZXG6Dn,SD
v3QGvbLmAm,SD
pTopmJCAR2,OKB
IsgM21BwrO,OKB
itEX4u4KyN,OKB
jRZBjUYWF3,OKB
z9iWRiq5Kp,OKB
dFpGGpWNgd,OKB
CqvXUf287y,OKB
ss0xetxynW,OKB
xy3cfdJNth,OKB
FKIxv837VE,OKB
bpSkeF8E3Q,OKB
EpF2WRS829,OKB
6TPCyDhoB3,OKB
A8eTlDMcrg,OKB
3kAnQ4OVrZ,OKB
kzvTYnBEbK,OKB
eqsZdikm5k,OKB
nrz6Dbmb08,OKB
zMUuWIXK7p,OKB
rrjXMrJdop,OKB
OsM9kswYQT,OKB
IeEQ05aO3w,OKB
bXSbB0YDlw,OKB
tF33nENsKH,OKB
zwbTZLbRnQ,OKB
yTehwgenr7,OKB
nlCEvAIigL,OKB
qAAINSBHWD,OKB
BBingdMXOM,OKB
4XFFCciV8J,OKB
oBL9AIyYyt,OKB
sqKxYFtl5r,OKB
8EKP8CZDNH,OKB
vOGR46C7F7,OKB
RHX3ucbNuo,OKB
vffjf7zHDD,OKB
jYsOcRpmoV,OKB
G2zG2gmD7D,OKB
W38RXLCNrI,OKB
cRYVqIp0ZI,WR
IdeNUTmTmm,WR
qgEzQvZRjR,WR
925E8K6b9o,WR
7nFJ1JWVf6,WR
pT1PqaW2Vj,WR
W6q9hTV4J1,WR
gdhT1IWXDe,WR
K9vb5Vtf4d,WR
vZnx3FMJTJ,WR
MaUCGyjo3b,WR
sMXCwpHAYa,WR
T6EfgGBZGI,WR
hrQcuU37gu,WR
tgbwJ9fEn5,WR
7UGajVTVBP,WR
7tjKzLtxKw,WR
eC3JpVFlP3,WR
vqD5CtXPB9,WR
lZNA0IRV1r,SM
GJfW2cMgNk,SM
DrtSrlJ4tI,SM
Uejf6QeAcy,SM
XSSo0tDLYl,SM
kTkAi89nJy,SM
FZxQRwpP1b,SM
iZfNWy7Jyd,SM
xFHBFiWYY4,SM
aA60hlVQoJ,SM
LzSRYaf2aW,SM
IWO1ZoOvON,SM
lzAV19g46E,SM
BL4DarRrpL,SM
u5BuFaY6sw,SM
obAjGi0eNg,SM
O3WdeZMlTk,SM
GRqmzyWzHZ,SM
AItrrh9NaF,SM
