1wAMI4oqXz,4
QUwcld3cst,4
EaYYTFrU7r,4
69v9fU0n7u,4
s7YKODNDx1,4
ZDtwngtnw6,4
I8yObcZmeh,4
hrSYPkIJdI,4
DIf3xUxTar,4
62IC5jhgpV,4
U4544VPaIZ,4
sYvwoGPFsQ,4
NzlZIzbfcq,4
58uo8CfpPx,4
KBZEnnCJtl,0
lmbdntNOCM,0
zC84zX6bL9,0
eNFN9RFSBd,0
SlOigzu3cn,0
tzv1iLT1gM,0
o2VCS4Pp27,0
5cxaVMPWcV,0
0hvEwWpqOE,0
JN4Knj8w3D,0
UYwjdHWHND,0
m3u3UqO5aF,0
lx4TLNus6h,0
wyNfo7WpM1,0
M8ixgUvYcj,2
H4wm5ZbjxX,2
ktp9DhYS07,2
6FJO7LrNNe,2
06PuZp2x4f,2
Immz6Png83,2
8cVZ5cX3MV,2
mgx5dq3SQ8,2
hkqezUmNlD,2
F6RpoTEcNa,2
jZ9DSPc3kp,2
UrN3v68USQ,2
3na7K4Mglz,2
bxODqbfOU7,2
pTopmJCAR2,5
IsgM21BwrO,5
itEX4u4KyN,5
jRZBjUYWF3,5
z9iWRiq5Kp,5
dFpGGpWNgd,5
CqvXUf287y,5
ss0xetxynW,5
xy3cfdJNth,5
FKIxv837VE,5
bpSkeF8E3Q,5
EpF2WRS829,5
6TPCyDhoB3,5
A8eTlDMcrg,5
cRYVqIp0ZI,3
IdeNUTmTmm,3
qgEzQvZRjR,3
925E8K6b9o,3
7nFJ1JWVf6,3
pT1PqaW2Vj,3
W6q9hTV4J1,3
gdhT1IWXDe,3
K9vb5Vtf4d,3
vZnx3FMJTJ,3
MaUCGyjo3b,3
sMXCwpHAYa,3
T6EfgGBZGI,3
hrQcuU37gu,3
lZNA0IRV1r,1
GJfW2cMgNk,1
DrtSrlJ4tI,1
Uejf6QeAcy,1
XSSo0tDLYl,1
kTkAi89nJy,1
FZxQRwpP1b,1
iZfNWy7Jyd,1
xFHBFiWYY4,1
aA60hlVQoJ,1
LzSRYaf2aW,1
IWO1ZoOvON,1
lzAV19g46E,1
BL4DarRrpL,1
